{
  "1.mp4": [
    {
      "start_frame": "138",
      "end_frame": "139",
      "action_type": "click",
      "down_coordinate": [
        7.388888888888885,
        39.49999999999999
      ],
      "up_coordinate": [
        7.388888888888885,
        39.49999999999999
      ],
      "type_word": null
    },
    {
      "start_frame": "178",
      "end_frame": "180",
      "action_type": "click",
      "down_coordinate": [
        53.6111111111111,
        29.333333333333332
      ],
      "up_coordinate": [
        53.6111111111111,
        29.333333333333332
      ],
      "type_word": null
    },
    {
      "start_frame": "289",
      "end_frame": "296",
      "action_type": "click",
      "down_coordinate": [
        80.69444444444444,
        89.83333333333331
      ],
      "up_coordinate": [
        80.69444444444444,
        89.83333333333331
      ],
      "type_word": null
    },
    {
      "start_frame": "319",
      "end_frame": "321",
      "action_type": "click",
      "down_coordinate": [
        8.833333333333329,
        17.833333333333332
      ],
      "up_coordinate": [
        8.833333333333329,
        17.833333333333332
      ],
      "type_word": null
    },
    {
      "start_frame": "349",
      "end_frame": "423",
      "action_type": "type",
      "down_coordinate": "null",
      "up_coordinate": "null",
      "type_word": "little women"
    },
    {
      "start_frame": "71",
      "end_frame": "134",
      "action_type": "swipe",
      "down_coordinate": [
        5.5833333333333295,
        8
      ],
      "up_coordinate": [
        5.5833333333333295,
        65.16666666666666
      ],
      "type_word": null
    }
  ],
  "2.mp4": [
    {
      "start_frame": "15",
      "end_frame": "16",
      "action_type": "click",
      "down_coordinate": [
        7.027777777777774,
        10.333333333333334
      ],
      "up_coordinate": [
        7.027777777777774,
        10.333333333333334
      ],
      "type_word": null
    },
    {
      "start_frame": "71",
      "end_frame": "114",
      "action_type": "swipe",
      "down_coordinate": [
        13.16666666666677,
        19.66666666666666
      ],
      "up_coordinate": [
        13.166666666666742,
        27.833333333333325
      ],
      "type_word": null
    },
    {
      "start_frame": "154",
      "end_frame": "156",
      "action_type": "click",
      "down_coordinate": [
        80.33333333333333,
        90
      ],
      "up_coordinate": [
        80.33333333333333,
        90
      ],
      "type_word": null
    },
    {
      "start_frame": "197",
      "end_frame": "199",
      "action_type": "type",
      "down_coordinate": "null",
      "up_coordinate": "null",
      "type_word": "the great gatsby"
    },
    {
      "start_frame": "268",
      "end_frame": "410",
      "action_type": "click",
      "down_coordinate": [
        23.638888888888886,
        63.33333333333333
      ],
      "up_coordinate": [
        23.638888888888886,
        63.33333333333333
      ],
      "type_word": null
    },
    {
      "start_frame": "441",
      "end_frame": "442",
      "action_type": "click",
      "down_coordinate": [
        75.99999999999999,
        85.33333333333331
      ],
      "up_coordinate": [
        75.99999999999999,
        85.33333333333331
      ],
      "type_word": null
    },
    {
      "start_frame": "519",
      "end_frame": "521",
      "action_type": "click",
      "down_coordinate": [
        77.4444444444445,
        48.16666666666665
      ],
      "up_coordinate": [
        77.4444444444445,
        48.16666666666665
      ],
      "type_word": null
    }
  ]
}