[{"id":1,
"annotations":
[{"id":1,"completed_by":1,
"result":[
{"value":{"framesCount":493,"duration":19.7,
"sequence":[{
"frame":138,"enabled":true,
"rotation":0,
"x":7.388888888888885,"y":39.49999999999999,
"width":87.3888888888889,"height":23.166666666666664,
"time":5.52},
{"x":7.388888888888885,"y":39.49999999999999,
"width":87.3888888888889,"height":23.166666666666664,
"rotation":0,"enabled":false,
"frame":139,"time":5.56}],"labels":["click"]},
"id":"6LwTwiD8_h","from_name":"box","to_name":"video","type":"videorectangle","origin":"manual"},

{"value":{"framesCount":493,"duration":19.7,
"sequence":[{"frame":178,"enabled":true,
"rotation":0,
"x":53.6111111111111,"y":29.333333333333332,
"width":37.55555555555556,"height":25.166666666666664,
"time":7.12},
{"x":53.6111111111111,"y":29.333333333333332,
"width":37.55555555555556,"height":25.166666666666664,
"rotation":0,"enabled":false,"frame":180,"time":7.2}],"labels":["click"]},
"id":"Pyz5RnL_5J","from_name":"box","to_name":"video","type":"videorectangle","origin":"manual"},

{"value":{"framesCount":493,"duration":19.7,
"sequence":[{"frame":289,"enabled":true,
"rotation":0,
"x":80.69444444444444,"y":89.83333333333331,
"width":13.722222222222216,"height":6.666666666666667,
"time":11.56},{"x":80.69444444444444,"y":89.83333333333331,
"width":13.722222222222216,"height":6.666666666666667,
"rotation":0,"enabled":false,
"frame":296,"time":11.84}],"labels":["click"]},
"id":"ic7ZR5LSyR","from_name":"box","to_name":"video","type":"videorectangle","origin":"manual"},

{"value":{"framesCount":493,"duration":19.7,
"sequence":[{"frame":319,"enabled":true,
"rotation":0,
"x":8.833333333333329,"y":17.833333333333332,
"width":13.361111111111109,"height":3.9999999999999987,
"time":12.76},
{"x":8.833333333333329,"y":17.833333333333332,
"width":13.361111111111109,"height":3.9999999999999987,
"rotation":0,"enabled":false,
"frame":321,"time":12.84}],"labels":["click"]},
"id":"JXC5IQAXAs","from_name":"box","to_name":"video","type":"videorectangle","origin":"manual"},

{"value":{"framesCount":493,"duration":19.7,
"sequence":[{"frame":349,"enabled":true,
"rotation":0,
"x":30.138888888888886,"y":65.16666666666666,
"width":41.88888888888888,"height":20.999999999999993,
"time":13.96},{"x":30.138888888888886,"y":65.16666666666666,
"width":41.88888888888888,"height":20.999999999999993,
"rotation":0,"enabled":false,
"frame":423,"time":16.92}],"labels":["type"]},
"id":"02h1I0DeIx","from_name":"box","to_name":"video","type":"videorectangle","origin":"manual"},

{"value":{"framesCount":493,"duration":19.7,
"sequence":[{"frame":71,"enabled":true,
"rotation":0,
"x":5.5833333333333295,"y":8,
"width":18.41666666666666,"height":57.166666666666664,
"time":2.84},{"x":5.5833333333333295,"y":8,
"width":18.41666666666666,"height":57.166666666666664,
"rotation":0,"enabled":false,
"frame":134,"time":5.36}],"labels":["swipe"]},
"id":"uka7LlDi4u","from_name":"box","to_name":"video","type":"videorectangle","origin":"manual"}],

"was_cancelled":false,"ground_truth":false,"created_at":"2024-03-09T09:53:17.967146Z","updated_at":"2024-03-09T09:53:17.967160Z","draft_created_at":"2024-03-09T09:34:16.926481Z","lead_time":1196.957,"prediction":{},"result_count":0,"unique_id":"0c103943-e129-4687-8a16-1699288047d2","import_id":null,"last_action":null,"task":1,"project":3,"updated_by":1,"parent_prediction":null,"parent_annotation":null,"last_created_by":null}],"file_upload":"54d67d4a-1.MP4","drafts":[],"predictions":[],"data":{"video":"\/data\/upload\/3\/54d67d4a-1.MP4"},"meta":{},"created_at":"2024-03-09T09:33:18.889061Z","updated_at":"2024-03-09T09:53:17.984379Z","inner_id":1,"total_annotations":1,"cancelled_annotations":0,"total_predictions":0,"comment_count":0,"unresolved_comment_count":0,"last_comment_updated_at":null,"project":3,"updated_by":1,"comment_authors":[]},


{"id":2,"annotations":
[{"id":2,"completed_by":1,"result":[
{"value":{"framesCount":614,"duration":24.533333,
"sequence":[{"frame":15,"enabled":true,
"rotation":0,
"x":7.027777777777774,"y":10.333333333333334,
"width":18.416666666666664,"height":9.666666666666668,
"time":0.6},{"x":7.027777777777774,"y":10.333333333333334,
"width":18.416666666666664,"height":9.666666666666668,
"rotation":0,"enabled":false,"frame":16,"time":0.64}],"labels":["click"]},
"id":"oHO4ot2IWY","from_name":"box","to_name":"video","type":"videorectangle","origin":"manual"},

{"value":{"framesCount":614,"duration":24.533333,
"sequence":[{"frame":71,"enabled":true,
"rotation":0,
"x":13.16666666666677,"y":19.66666666666666,
"width":30.694444444444347,"height":51.49999999999994,
"time":2.84},{"x":13.166666666666742,"y":27.833333333333325,
"width":30.694444444444326,"height":43.33333333333334,
"rotation":0,"frame":114,
"enabled":false,"time":4.56}],"labels":["swipe"]},
"id":"n6XRjdzcNa","from_name":"box","to_name":"video","type":"videorectangle","origin":"manual"},

{"value":{"framesCount":614,"duration":24.533333,
"sequence":[{"frame":154,"enabled":true,
"rotation":0,
"x":80.33333333333333,"y":90,
"width":14.444444444444443,"height":6.9999999999999885,
"time":6.16},{"x":80.33333333333333,"y":90,
"width":14.444444444444443,"height":6.9999999999999885,
"rotation":0,"enabled":false,
"frame":156,"time":6.24}],"labels":["click"]},
"id":"2iV37jhPVW","from_name":"box","to_name":"video","type":"videorectangle","origin":"manual"},

{"value":{"framesCount":614,"duration":24.533333,
"sequence":[{"frame":197,"enabled":true,
"rotation":0,
"x":7.388888888888885,"y":17.333333333333332,
"width":16.249999999999996,"height":4.666666666666668,
"time":7.88},{"x":7.388888888888885,"y":17.333333333333332,
"width":16.249999999999996,"height":4.666666666666668,
"rotation":0,"enabled":false,
"frame":199,"time":7.96}],"labels":["type"]},
"id":"QpeG7oNrFk","from_name":"box","to_name":"video","type":"videorectangle","origin":"manual"},

{"value":{"framesCount":614,"duration":24.533333,
"sequence":[{"frame":268,"enabled":true,
"rotation":0,"x":23.638888888888886,"y":63.33333333333333,
"width":54.8888888888889,"height":19.49999999999999,
"time":10.72},{"x":23.638888888888886,"y":63.33333333333333,
"width":54.8888888888889,"height":19.49999999999999,
"rotation":0,"enabled":false,
"frame":410,"time":16.4}],"labels":["click"]},
"id":"mQ51pBb3he","from_name":"box","to_name":"video","type":"videorectangle","origin":"manual"},

{"value":{"framesCount":614,"duration":24.533333,
"sequence":[{"frame":441,"enabled":true,
"rotation":0,
"x":75.99999999999999,"y":85.33333333333331,
"width":22.388888888888893,"height":6.000000000000009,
"time":17.64},{"x":75.99999999999999,"y":85.33333333333331,
"width":22.388888888888893,"height":6.000000000000009,
"rotation":0,"enabled":false,
"frame":442,"time":17.68}],"labels":["click"]},
"id":"EsFnHzIvJD","from_name":"box","to_name":"video","type":"videorectangle","origin":"manual"},

{"value":{"framesCount":614,"duration":24.533333,
"sequence":[{"frame":519,"enabled":true,
"rotation":0,
"x":77.4444444444445,"y":48.16666666666665,
"width":16.61111111111105,"height":4.333333333333327,
"time":20.76},{"x":77.4444444444445,"y":48.16666666666665,
"width":16.61111111111105,"height":4.333333333333327,
"rotation":0,"enabled":false,"frame":521,"time":20.84}],
"labels":["click"]},"id":"nIks_WAd4W","from_name":"box","to_name":"video","type":"videorectangle","origin":"manual"}],

"was_cancelled":false,"ground_truth":false,"created_at":"2024-03-09T10:03:13.357987Z","updated_at":"2024-03-09T10:03:13.358005Z","draft_created_at":"2024-03-09T09:56:00.160872Z","lead_time":458.661,"prediction":{},"result_count":0,"unique_id":"1ae95f16-2de6-467a-a346-cd8ab24b804b","import_id":null,"last_action":null,"task":2,"project":3,"updated_by":1,"parent_prediction":null,"parent_annotation":null,"last_created_by":null}],"file_upload":"67439f0a-2.MP4","drafts":[],"predictions":[],"data":{"video":"\/data\/upload\/3\/67439f0a-2.MP4"},"meta":{},"created_at":"2024-03-09T09:55:25.094091Z","updated_at":"2024-03-09T10:03:13.375000Z","inner_id":2,"total_annotations":1,"cancelled_annotations":0,"total_predictions":0,"comment_count":0,"unresolved_comment_count":0,"last_comment_updated_at":null,"project":3,"updated_by":1,"comment_authors":[]}]